"","distance","time"
"1",0.0121653899999994,500
"2",0.0674551799999991,3550
"3",2.48957631,7800
"4",56.64542454,7750
"5",0.232435620000003,3500
"6",0.186225479999999,3550
"7",50.56940376,11050
"8",4.74092244,7150
"9",0.15710967,3500
"10",5.61784347,7400
"11",0.0381460500000003,3500
"12",0.200373570000001,3500
"13",0.0648563400000002,3550
"14",0.162918540000001,3550
"15",159.02358084,15750
"16",2.50738020000002,3550
"17",0.0520272899999975,3550
"18",0,3500
"19",0.0031255199999999,3500
"20",64.135593,13700
"21",0.0288089100000003,3500
"22",0.0770688899999987,3500
"23",27.16938648,9150
"24",0.0771797700000012,3450
"25",0.0329140800000003,3500
"26",19.57744314,9200
"27",0.292484880000001,3500
"28",0.076518270000001,3450
"29",0.102393900000002,3500
"30",0.0156779999999998,3450
"31",41.08596759,13450
"32",103.62841074,16200
"33",1.28532906,3500
"34",0.13326066,3450
"35",0.0844405199999993,3500
"36",0.300749399999999,3450
"37",0.17393031,3500
"38",0.357584039999998,3450
"39",0.104319,3500
"40",0.0205071300000001,3500
"41",0.0429110099999996,3500
"42",0.118603890000001,3550
"43",0.0952717499999986,3450
"44",0.229909680000001,3500
"45",0.00786510000000038,3550
"46",0.0169227899999996,3500
"47",0.0107155799999993,3450
"48",0.403458929999998,3500
"49",0.102124260000001,3650
"50",0.0102923099999996,3550
"51",0.0416578500000004,3600
"52",0.0963488700000018,4100
"53",7.82361548999999,7500
"54",0.0992027700000003,3500
"55",0.0957216600000005,3550
"56",0.0859602599999995,3550
"57",4.23105021000001,7850
"58",0.05061222,3500
"59",0.10565343,3550
"60",9.25364286000001,7300
"61",0.0370236600000003,3450
"62",0.1840608,3500
"63",0.00528822000000005,3500
"64",24.89165415,8100
"65",0.00823860000000006,3500
"66",2.65580784,12800
"67",0.0961642800000016,3600
"68",0.16698168,3500
"69",0.0981536400000011,5400
"70",0.121994459999998,3550
"71",1.12608522,3450
"72",0.776471579999997,3500
"73",0.742351050000009,3500
"74",0.111739229999999,3550
"75",0.160863479999998,3500
"76",0.0952083900000001,5700
"77",0.23539257,3450
"78",0.0673039800000002,3500
"79",0.02024694,3500
"80",28.78128234,13750
"81",0.0600731099999979,3450
"82",0.0833333399999999,3500
"83",2.19534624,7500
"84",13.38704784,10850
"85",0.17786799,3500
"86",0.346914450000004,3700
"87",0.0688045500000002,3500
"88",0.0495904500000003,3500
"89",0.0244034099999998,3550
"90",0.158236830000001,3550
"91",0.237656340000001,3750
"92",0.315482039999998,3700
"93",15.80592051,7200
"94",0.0712794599999986,3550
"95",0.13072563,3500
"96",0.0924285600000005,3550
"97",0.0711654299999994,3600
"98",22.06998477,8650
"99",0.0190169100000004,3500
"100",2.28356514,5950
"101",21.4785306,7750
"102",0.320422050000001,3500
"103",0.0268185600000015,3450
"104",84.80543004,9550
"105",2.92153166999999,7850
"106",0.0137862900000008,3500
"107",0.0263352599999998,3500
"108",17.10384183,7750
"109",0.111773340000001,3500
"110",0.117381329999999,3650
"111",0.0460883699999999,3550
"112",0.0811310399999993,3500
"113",0.05859594,3500
"114",0.112973220000001,3500
"115",35.08725879,11400
"116",0.0805931100000001,3500
"117",87.14453094,12900
"118",1.14799517999999,3550
"119",0.0608544000000014,3500
"120",0.0897741899999996,3450
"121",0.1539837,3550
"122",0.09362304,3550
"123",6.27593823,8200
"124",0.0198634499999997,3500
"125",59.12929062,9150
"126",0.246084480000003,3500
"127",0.13016637,3450
"128",0.255720329999997,3500
"129",0.0463419899999977,3500
"130",0.186830730000002,3550
"131",0.0873678600000006,3500
"132",0.0117864900000005,3600
"133",0.169527330000002,3450
"134",0.259597260000001,3450
"135",0.0512156700000005,3500
"136",0.151674390000001,3450
"137",0.288894240000001,3450
"138",0.0659905200000008,3450
"139",0.199962090000002,3500
"140",19.46428506,9050
"141",0.188407259999999,3550
"142",1.66494375,7250
"143",0.19874169,3500
"144",0.128595689999999,3600
"145",0.17484183,3500
"146",0.0227718900000002,3500
"147",2.36551896,7250
"148",12.17386161,7350
"149",0.01133244,3500
"150",0.0825900300000008,3500
"151",0.0051392699999999,3550
"152",0.181735200000001,3500
"153",0.0527376600000002,3550
"154",0.281310390000001,3500
"155",0.543923549999997,3500
"156",7.48618803,7600
"157",1.60729641,7300
"158",0.0196145999999987,550
"159",0.00757322999999992,3550
"160",3.3386805,3550
"161",0.00744623999999994,3500
"162",13.64116059,11450
"163",0.00620900999999975,3700
"164",31.29940017,7600
"165",0.11758356,3500
"166",0.000755099999999844,3550
"167",33.57667989,10000
"168",7.47740915999999,7650
"169",1.22510006999999,3500
"170",0.04091139,3500
"171",0.175694400000001,3550
"172",0.0120772799999999,3500
"173",58.38834096,10950
"174",0.127446839999997,3450
"175",0.389722949999998,8800
"176",68.16903831,12800
"177",0.0411971400000001,3550
"178",0.233401949999999,3500
"179",0.0508419000000005,5900
"180",0.00031292999999981,500
"181",2.52651275999999,6800
"182",0.122709689999999,3550
"183",0.000906299999999975,3550
"184",0.0122887799999999,3500
"185",0.0917995499999997,3550
"186",47.51511624,9900
"187",0.000750330000000082,3500
"188",0.000932039999999979,3450
"189",0.102901769999999,3550
"190",0.0181125900000003,3500
"191",0.103376969999999,3800
"192",110.17894527,9100
"193",4.86761724,3450
"194",0.107848530000001,3450
"195",0.00756629999999987,3500
"196",103.45857687,13600
"197",1.98710982000001,5700
"198",0.141103619999998,3450
"199",0.0451848599999997,3550
"200",0.09609507,3600
"201",22.08077496,8850
"202",0.0890641799999981,3550
"203",5.99908490999999,7200
"204",0.128157930000001,3450
"205",0,3550
"206",1.85162922,7600
"207",17.88376257,7550
"208",2.40821631,3550
"209",0.81628065,3550
"210",0.46124649,3550
"211",0.0635320800000002,3550
"212",0.0124010099999998,3500
"213",0.0569120400000002,3550
"214",0.17453736,3600
"215",2.58434766,7450
"216",0.179064900000001,3500
"217",0.11781018,3550
"218",0.111989879999999,3550
"219",0.15184143,7750
"220",0.291237119999997,450
"221",0.140777549999999,450
"222",0.135682199999999,500
"223",0.0517060800000027,600
"224",0.686727629999996,4500
"225",0.0110894399999981,450
"226",0.00889308000000008,450
"227",0.00446607000000042,450
"228",3.07639673999996,500
"229",0.0261574199999987,650
"230",3.59070336,8450
"231",0.01148958,500
"232",9.47504457000001,4850
"233",0.000259469999999995,450
"234",0.452599290000001,450
"235",14.46704127,7900
"236",0.00601145999999981,1950
"237",0.00231902999999938,450
"238",0.00808164000000088,550
"239",12.0883698,7950
"240",105.60716262,12150
"241",0.000565650000000414,500
"242",0.000214020000000192,550
"243",0.000352619999999861,900
"244",0.000187829999999732,500
"245",0.000614790000000078,500
"246",0.00311760000000001,500
"247",0.0131037300000008,450
"248",0.000302759999999962,950
"249",1.80899999999903e-05,450
"250",7.37999999999544e-06,500
"251",8.45099999999322e-05,500
"252",2.16000000000187e-05,550
"253",0.0075411900000005,1050
"254",0.00327456000000014,550
"255",0.000295290000000097,500
"256",0.00448001999999947,1100
"257",0.000587249999999819,500
"258",0.00149282999999947,500
"259",0.0372321900000004,500
"260",0.00252989999999967,1000
"261",3.35699999999608e-05,800
"262",0.0261951300000009,500
"263",0.00949265999999908,450
"264",0.000129239999999884,500
"265",0.00977012999999878,500
"266",0.00512478000000028,500
"267",0.00979353000000013,500
"268",2.49427881,4900
"269",0,500
"270",1.12253390999997,600
"271",0.0155739600000013,650
"272",0.00233757000000095,450
"273",0.0129745800000014,450
"274",0,450
"275",0.0179510399999959,450
"276",0.000210059999999997,850
"277",0.00952721999999902,450
"278",0.00228770999999988,1200
"279",0.0153457199999991,550
"280",0,500
"281",0.00403191000000054,450
"282",0.0473913000000026,600
"283",0.00648323999999997,550
"284",0,450
"285",0.0805230000000028,550
"286",0,700
"287",0.0703088100000048,500
"288",2.27752712999999,4300
"289",0.000334979999999816,500
"290",9.00000000000068e-06,500
"291",0.0044533800000003,550
"292",0.0247100399999999,500
"293",3.12299999999333e-05,500
"294",6.73200000000273e-05,550
"295",0.000283319999999941,550
"296",0.0147615299999994,500
"297",0.00178416000000064,1050
"298",0.00083547000000032,950
"299",0.894845879999971,600
"300",5.61260618999998,550
"301",0.00282401999999914,450
"302",0.0047402099999997,450
"303",0.0041814899999995,950
"304",0.00201123000000047,450
"305",0.00419183999999965,500
"306",7.02899999999601e-05,450
"307",0.0174910500000019,550
"308",0.0149546700000004,1450
"309",0.0189657899999998,2600
"310",0.0129861000000008,500
"311",0,500
"312",0,500
"313",0.0118583100000002,500
"314",0.00197612999999969,800
"315",0,950
"316",42.73465059,8150
"317",0.00100035000000073,550
"318",0.00143603999999957,500
"319",0.0309384900000012,6450
"320",3.66710283000001,3700
"321",3.58199999999737e-05,750
"322",0.00778122000000293,550
"323",0.462419010000001,5800
"324",0.00312003000000033,500
"325",0.000969209999999957,600
"326",7.77866832,5950
"327",0.00202148999999994,700
"328",0.000670139999999763,600
"329",16.57544823,4450
"330",0,450
"331",0.0026355600000001,550
"332",6.38065647000002,4800
"333",0,600
"334",0,1100
"335",0.120937230000005,550
"336",0.597161969999995,450
"337",17.41354164,4150
"338",0.537597900000001,5050
"339",0.000444239999999942,500
"340",0.650456730000016,500
"341",0,550
"342",0.00734256000000004,900
"343",0.633859110000003,550
"344",0.0632098800000018,550
"345",0.34560459,550
"346",0.01309356,500
"347",0.277091460000004,500
"348",0.0084816000000001,750
"349",2.51456175,5600
"350",0,500
"351",10.88818101,5050
"352",0.00117963000000008,1000
"353",0.00281691000000028,550
"354",0.0187279200000005,550
"355",7.44581852999999,4700
"356",0.00640242000000012,500
"357",0.0877314600000011,3650
"358",0.0673366500000005,450
"359",23.51393559,4600
"360",0.000473040000000131,500
"361",0.151317179999999,600
"362",87.70301874,10750
"363",0.328922729999998,450
"364",80.59245588,9800
"365",12.25799091,6350
"366",0.93202262999999,550
"367",3.14763939,7950
"368",0.830260530000007,450
"369",0.00321047999999992,500
"370",0.327146489999994,500
"371",0.555703829999994,3050
"372",0.310327289999996,450
"373",6.03909854999999,5500
"374",0.00315485999999892,450
"375",0.00891972000000043,500
"376",0.000625140000000083,650
"377",0.00207639000000077,2100
"378",9.47552508,6000
"379",0.022912290000005,500
"380",0.00987732000000124,1150
"381",0.00328895999999966,550
"382",2.86065431999997,550
"383",16.58135853,4450
"384",0.192169619999993,450
"385",47.18872773,13750
"386",0.126478890000004,450
"387",0.0904689899999987,550
"388",0,450
"389",0,450
"390",0.420379830000001,450
"391",0.0539969399999989,600
"392",0,600
"393",5.64933546000001,4950
"394",0.012906,500
"395",5.8846491,4700
"396",0,650
"397",0.0526762800000019,550
"398",0.291705209999996,500
"399",7.57462652999999,4100
"400",0.0348761699999965,450
"401",0.00404225999999974,450
"402",16.02799767,4500
"403",1.66163714999999,650
"404",0.477256410000002,450
"405",9.4112856,3850
"406",0.134506709999994,450
"407",0.150682769999999,550
"408",1.07872118999998,500
"409",0,550
"410",0.178538399999996,550
"411",0.0939387600000016,700
"412",14.09576859,4850
"413",0.249538949999992,600
"414",1.61381934,4700
"415",0.00273266999999954,600
"416",1.93285926000002,500
"417",0,850
"418",0.0365625000000001,4100
"419",0.077901569999997,550
"420",0.104864669999994,800
"421",0.051644609999998,500
"422",2.47087188000004,550
"423",5.29330698,4650
"424",0.0207610199999981,450
"425",0.00370988999999932,500
"426",80.47098432,9850
"427",0.11988207,450
"428",0.0141839999999994,500
"429",0.220158629999995,450
"430",0,450
"431",0,750
"432",0.40613274000001,500
"433",0.00398259000000069,450
"434",5.03922347999993,500
"435",27.72809559,3850
"436",0.00967283999999955,500
"437",29.67184656,4650
"438",0.0296361000000007,500
"439",0.0657470699999992,550
"440",0.0789919200000015,4450
"441",0.0989576100000079,500
"442",0.695992589999993,500
"443",0.291351149999991,550
"444",38.21479398,5750
"445",0.00332198999999981,500
"446",0.00320318999999969,500
"447",0.592261019999993,500
"448",0,600
"449",0.0317734200000001,800
"450",0.0125007300000012,450
"451",0.0455028299999983,500
"452",4.48996248000001,4500
"453",0.00513063000000031,450
"454",0,450
"455",1.03989770999997,450
"456",0.131424300000002,500
"457",0.0979769699999942,700
"458",1.53809973,450
"459",0.395294489999983,500
"460",0.252111150000005,500
"461",35.62190829,5600
"462",0.00190368000000051,450
"463",0.00330381000000082,500
"464",0.00187398000000063,450
"465",1.60560279000003,450
"466",0.0584010900000022,500
"467",0,800
"468",0.0422054999999993,500
"469",0.000277110000000032,450
"470",0,500
"471",0.0582302700000014,550
"472",0.524534130000006,1200
"473",0.0176661000000002,550
"474",0.00518463000000033,500
"475",0,450
"476",0.0060075899999995,550
"477",37.00951605,5350
"478",0.0239979599999994,500
"479",0,550
"480",0.914543369999998,4800
"481",0,450
"482",33.91633017,6550
"483",0,500
"484",0.0302504399999995,600
"485",0.0382983299999988,700
"486",1.04903208,7850
"487",0.0377306999999992,500
"488",0,600
"489",41.27514138,8550
"490",0.0053104499999991,500
"491",58.75890912,5800
"492",0.0106345799999997,500
"493",0.00955386000000059,500
"494",5.67361061999999,4950
"495",0.0249297299999984,500
"496",0.000670860000000015,750
"497",0.00438039000000012,550
"498",7.33435011,8200
"499",0.0024012000000001,950
"500",0.0331920900000001,500
"501",0.00710874000000011,600
"502",5.04046484999999,7750
"503",0.0162174600000027,500
"504",47.67640524,8550
"505",0.0152817299999995,550
"506",0.00682496999999965,700
"507",0.00427068000000043,550
"508",0.0134480700000011,500
"509",0.00313838999999974,550
"510",0.00328886999999981,450
"511",0.0311585400000008,500
"512",0.0463015800000004,800
"513",0.0185660099999996,500
"514",0.0164011499999986,500
"515",2.21605488,7500
"516",6.4169999999946e-05,500
"517",0.0283456800000013,600
"518",0.136959930000001,600
"519",0.0215837100000018,500
"520",0.0738525600000009,450
"521",0.000265230000000249,650
"522",0.0555605999999995,500
"523",0.0269296199999986,650
"524",5.06494386,8650
"525",10.85818104,2400
"526",0.0584685899999982,450
"527",0.41998158,600
"528",0.0653029200000026,450
"529",0.0221487300000018,500
"530",0.0833045400000008,550
"531",0.701607149999999,1150
"532",0.0887372099999953,500
"533",0.0299701799999995,500
"534",95.76689265,6600
"535",0.00575243999999994,500
"536",0.000302400000000194,450
"537",0.0021944700000002,450
"538",0.0164566799999994,500
"539",0.0455472000000014,450
"540",0.025874189999998,450
"541",14.05596771,8800
"542",0.00072855000000006,550
"543",1.36771938,5150
"544",3.74721777,8200
"545",0.0181277100000007,600
"546",0.000337229999999948,450
"547",0.0135292500000016,550
"548",0.000190530000000005,450
"549",0.00222488999999969,550
"550",0.0157814099999998,500
"551",0.0359766000000004,550
"552",0.0927928800000014,500
"553",0.0267252299999977,550
"554",0.108628740000004,550
"555",0.0124865100000005,550
"556",0.0203198399999986,500
"557",0.0111534299999998,4500
"558",0.016384140000001,450
"559",12.84920955,8250
"560",0.0999410400000014,600
"561",0.0754445700000016,600
"562",0.0781650899999982,550
"563",0.172706310000002,500
"564",0.0443926799999975,500
"565",0.0788616900000002,1600
"566",3.7848411,4950
"567",0.0112147199999997,500
"568",0.00895562999999898,550
"569",0.00196416000000038,5450
"570",0.0887126399999954,500
"571",0.00812960999999948,500
"572",0.103275899999998,4750
"573",35.35064757,4850
"574",0.920554829999984,500
"575",0.122611140000003,550
"576",0.12557412,550
"577",0.0376791299999993,550
"578",9.12271194000001,6300
"579",0.138793499999997,550
"580",0,500
"581",0,4600
"582",0.141534090000002,500
"583",0.0758167200000004,550
"584",0.0123073199999994,500
"585",0.0073001700000006,550
"586",26.75643804,5150
"587",0.00149616000000024,500
"588",32.34803508,7200
"589",0.00606419999999986,450
"590",16.16545503,7450
"591",0.00512774999999963,550
"592",0.0262962900000002,550
"593",0.0135596700000013,500
"594",0.00349983,800
"595",0.00443673000000063,450
"596",4.37140224,9700
"597",0.0745131599999978,550
"598",0.0080585100000002,450
"599",8.35261956,7100
"600",0.0197991900000002,500
"601",11.30839389,5500
"602",0.00458153999999975,550
"603",0.0370669499999991,500
"604",16.08665481,12200
"605",0.00312542999999994,500
"606",0.00633267,600
"607",41.69326068,3650
"608",0.460456019999999,500
"609",0.000154980000000075,750
"610",0.0151161299999998,450
"611",0.0303951600000005,500
"612",0.0534973500000009,450
"613",2.42654751,5800
"614",0.0440694900000008,450
"615",0.0297837899999999,550
"616",33.86307735,7150
"617",0.0210091500000008,450
"618",0.01201959,5150
"619",0.0670812299999974,500
"620",0,500
"621",0,500
"622",0.00103760999999916,600
"623",0.199906649999999,500
"624",0.00585495000000103,1100
"625",2.60984664,5200
"626",0.000298170000000356,450
"627",0.0139812300000002,550
"628",2.3948703,4650
"629",2.70000000002578e-06,500
"630",0.00645966000000097,550
"631",0.00712331999999735,500
"632",0.00898938000000044,500
"633",0.00326475000000018,450
"634",21.12661458,5400
"635",0.09910395,500
"636",0.0100160100000005,700
"637",0.0587040299999986,500
"638",0.0195519599999969,600
"639",0.0395641800000011,500
"640",0.196596450000006,450
"641",0.0074719800000001,500
"642",0.0434394000000011,6350
"643",0.01342746,600
"644",0.0972065700000021,550
"645",19.88067258,7600
"646",0.0607800600000012,600
"647",0.0573300899999999,500
"648",0.121377690000004,500
"649",0.106075349999997,600
"650",0.247702590000005,450
"651",48.06379548,7000
"652",0.370815300000007,550
"653",0.0660045599999992,500
"654",0.0925011899999991,500
"655",0.01101222,5300
"656",0.13379436,550
"657",0.0380117699999989,550
"658",0.227497950000001,650
"659",0.00666224999999967,550
"660",9.19686375,7200
"661",0.0328426199999998,500
"662",0.0378225000000005,600
"663",0.0368100899999991,850
"664",0.0587453400000012,500
"665",12.43122282,7750
"666",0.09673713,500
"667",0.0307673999999992,550
"668",0.303299190000001,600
"669",0.0150466499999993,550
"670",0.118134,500
"671",0.127811970000001,600
"672",12.23117469,7900
"673",0.125073629999997,550
"674",4.48689203999999,4950
"675",0.0248671800000003,500
"676",0.0159434999999991,550
"677",115.12492317,11950
"678",0.00559350000000077,450
"679",88.7467949099998,8600
"680",0.0984146399999974,500
"681",0.0655586100000018,500
"682",11.36301435,4150
"683",0.00309959999999996,450
"684",0.0164710799999983,550
"685",0.0255820499999999,450
"686",2.54327643,6800
"687",6.42599999999861e-05,550
"688",0.0161054999999991,450
"689",0.00805256999999944,550
"690",0.0126233099999994,550
"691",0.172172430000005,500
"692",0.00178281000000041,500
"693",4.16699999999529e-05,450
"694",0.00961146000000085,500
"695",0.00607932000000025,550
"696",4.86499941,7300
"697",0.00868895999999987,700
"698",0.00588392999999978,450
"699",0.0102285899999997,500
"700",0.0483083099999999,500
"701",0.37293696,4550
"702",0.0301307400000022,500
"703",0.13740012,850
"704",0.152214929999998,500
"705",3.93434595,6800
"706",0.000586709999999987,500
"707",3.6629999999874e-05,450
"708",0.015901110000001,550
"709",6.75000000000307e-05,500
"710",0.00181800000000041,700
"711",5.70600000000367e-05,450
"712",1.67736807,8200
"713",0.0127908900000012,500
"714",0.0148921199999992,450
"715",0.0854741699999993,450
"716",0.000252539999999833,500
"717",0.00273842999999964,550
"718",0.00620945999999919,500
"719",3.77099999999287e-05,450
"720",3.77463888,10350
"721",0.028723589999999,500
"722",0.00240489000000011,550
"723",0.0122663699999994,550
"724",0.00191060999999986,1300
"725",7.73999999999718e-05,500
"726",16.87224006,8800
"727",0.0039014100000003,550
"728",0.0554476500000007,1400
"729",0.000369629999999865,650
"730",0.0137351700000009,450
"731",0.0142139700000003,500
"732",0.00330137999999992,5300
"733",0.00952640999999897,550
"734",0.198179100000005,500
"735",0.000526859999999834,500
"736",0.111988530000002,550
"737",0.0145834200000001,500
"738",0.00979776000000046,450
"739",0.0653490900000002,500
"740",0.0179694000000001,500
"741",0.0012682799999997,450
"742",0.0184443299999993,450
"743",24.02051841,10250
"744",0.00709272000000041,450
"745",2.52899999999738e-05,550
"746",0.0189738899999984,450
"747",0.142724700000013,500
"748",0.0185600700000008,450
"749",0.00812952000000083,500
"750",0.182859840000001,500
"751",17.22245544,5200
"752",0.0350872199999986,4600
"753",0.11439297,500
"754",0.104715180000002,500
"755",0.156819510000003,550
"756",0.189726929999996,500
"757",63.46863945,6600
"758",0.00874241999999961,450
"759",3.89700000001488e-05,500
"760",0.0170095500000002,450
"761",0.0120814200000022,500
"762",9.1980000000036e-05,450
"763",0.00452772000000152,550
"764",0.00361745999999928,500
"765",0.0052393499999997,500
"766",25.39680642,5000
"767",0,450
"768",0.0512667000000035,450
"769",0.00150425999999965,450
"770",94.4583190200001,10750
"771",0.0268837200000006,450
"772",14.79814029,8250
"773",0.0111646799999997,550
"774",125.76646098,10950
"775",0.0125201699999997,450
"776",0.0358643699999988,700
"777",0.00372095999999921,900
"778",0.0370264500000012,500
"779",0.0164651399999988,550
"780",0.12749211,450
"781",73.40391189,7600
"782",0.0101698200000006,450
"783",66.71981862,10950
"784",0.00408366000000021,500
"785",0.0138527100000005,550
"786",0.0020752200000001,850
"787",0.0818852400000007,450
"788",0,450
"789",0.303004529999994,550
"790",0.743822639999996,4650
"791",0.0539360099999999,450
"792",0.00290591999999986,450
"793",0.267992820000004,550
"794",32.29117398,4800
"795",0,500
"796",0.0809436600000024,450
"797",0,450
"798",0.0113989500000002,550
"799",0,600
"800",20.57279778,4950
"801",0.0240350399999988,450
"802",0.0401852699999982,450
"803",0.00486189000000055,600
"804",0,450
"805",0.308364839999998,450
"806",6.61178250000001,5250
"807",0.0111017700000003,450
"808",0.032118210000002,450
"809",0.0367032600000002,550
"810",1.26840843,5500
"811",0,550
"812",0.0245243700000018,450
"813",5.29832123999999,5200
"814",0.0161216100000008,450
"815",0,500
"816",0.338347889999998,500
"817",0.887509799999995,500
"818",0.00171801000000003,850
"819",18.41671134,4750
"820",0.0805454100000018,550
"821",0.315445770000003,500
"822",0.101701799999995,500
"823",0.06001956,550
"824",0.229738859999998,650
"825",51.28156026,9500
"826",0.0952452000000018,550
"827",0.137906369999997,550
"828",0.0677679300000013,550
"829",0.00326915999999932,450
"830",0.0818356499999969,650
"831",0.02529495,450
"832",0.108209070000007,500
"833",1.90408293,4350
"834",0.1496079,500
"835",21.27294819,5200
"836",0.00661923000000051,1300
"837",1.52999999999926e-06,500
"838",0.0100793699999988,450
"839",0.01239498,550
"840",0.0145143900000012,450
"841",0.0143776799999992,450
"842",0.0726305399999984,450
"843",0.0356636699999988,500
"844",0.0100923299999988,500
"845",0,550
"846",0,550
"847",0,450
"848",0.0384335100000025,550
"849",0.00857699999999879,550
"850",0.0244772999999998,600
"851",0.0485917199999996,550
"852",7.56974403,7800
"853",0.0255121200000013,500
"854",0.0150462899999994,550
"855",0.0201359699999994,500
"856",0.00340191000000149,450
"857",25.69815567,5000
"858",0.094220190000002,500
"859",0.649324710000003,5150
"860",0.131637959999998,450
"861",0.425726730000002,5600
"862",0.0636173100000001,450
"863",1.48325076,8450
"864",0.0933254100000043,500
"865",2.29167261,5000
"866",0,500
"867",0.286082279999987,550
"868",0.0966858300000025,550
"869",0.00600632999999882,450
"870",0.0219350699999991,450
"871",0.0251385299999989,450
"872",0.01070946,450
"873",0.0553032000000014,650
"874",19.00094922,6300
"875",28.75781304,7750
"876",0.000912600000000069,700
"877",0.0189193499999975,500
"878",0.00370637999999906,450
"879",52.21686969,6200
"880",0,550
"881",0.0525207600000005,550
"882",1.44095318999997,4600
"883",0.0376126199999993,700
"884",0.0489306600000026,500
"885",0.769513949999994,6550
"886",0.0227914199999997,550
"887",26.89614981,4950
"888",0.0680617799999981,450
"889",0.159012989999999,450
"890",32.88984408,7250
"891",0.313745219999997,450
"892",0.193437630000002,800
"893",35.36237565,5100
"894",0.0321989399999986,550
"895",0.0261950399999989,500
"896",0.0310351499999987,750
"897",15.47596935,7400
"898",3.58053344999999,5350
"899",0.0131464800000001,500
"900",0.0426276900000003,450
"901",52.49832786,7300
"902",0,550
"903",0.00350495999999993,450
"904",0.0112964400000007,550
"905",0.0790614900000039,450
"906",0.0548740800000017,700
"907",0,550
"908",0.196737390000013,550
"909",0.127775070000001,500
"910",0.188333819999998,450
"911",0.0879471000000018,600
"912",0.0280538099999989,550
"913",0,550
"914",0,500
"915",36.71920872,7200
"916",0.0421528499999993,500
"917",70.33390065,9850
"918",0.00254142000000086,500
"919",0.183403260000008,450
"920",0,500
"921",89.11679796,9500
"922",0.03515346,550
"923",0,550
"924",0.149035770000004,550
"925",50.51820303,9050
"926",0.144785789999997,500
"927",0.812464020000018,550
"928",0.0996552900000026,950
"929",0.212856300000013,550
"930",0,500
"931",0,500
"932",0,500
"933",34.29484146,12300
"934",0.0768839399999998,550
"935",0.213026579999997,550
"936",0.0123147900000017,500
"937",0.431299169999996,2050
"938",0,600
"939",0,600
"940",0.00939726000000023,450
"941",0.139709610000002,450
"942",0.0383938199999942,450
"943",0.00202049999999951,450
"944",0.0714887099999993,2800
"945",0.0177771600000004,750
"946",0.0110021400000021,450
"947",0.0423401400000017,500
"948",8.2765818,7200
"949",1.99954224,4550
"950",0.0133500599999994,450
"951",0.0494487900000009,450
"952",0.0201261599999996,500
"953",0.0159260400000003,450
"954",0.0125299800000003,500
"955",52.81421121,6950
"956",0.00420849000000119,450
"957",24.86617353,4700
"958",16.29931527,4750
"959",0.0390736799999974,750
"960",0.319224059999995,450
"961",0.000446670000000035,450
"962",0.019111410000001,500
"963",40.10122593,9650
"964",0.991251630000006,2550
"965",0.157419360000001,500
"966",0.272022389999998,500
"967",0.0946787399999985,1600
"968",0.0914792400000005,600
"969",0.167345369999999,450
"970",0.0237329099999993,450
"971",0.279620550000002,450
"972",0.0736938899999987,500
"973",0.240331859999995,800
"974",0.160143929999998,450
"975",20.21408577,4500
"976",0.0799680600000002,500
"977",0.0205579799999986,500
"978",0.125014319999998,550
"979",0.00610902000000035,500
"980",0.0528587100000001,450
"981",1.91452203,4950
"982",0.0135485099999997,550
"983",0.0425666700000007,450
"984",0.0184480199999995,450
"985",0.00899280000000104,500
"986",0.0283575600000017,600
"987",11.44736145,6500
"988",0.0444608100000011,450
"989",0.0318052799999991,500
"990",0.0232219800000014,550
"991",0.0219725099999993,500
"992",0.00597366000000114,800
"993",0.0127406699999993,650
"994",147.49085718,11000
"995",67.7612124,5650
"996",0.106550010000003,450
"997",0.142968600000008,450
"998",0.165875579999995,500
"999",52.46432739,7500
"1000",125.57553066,6300
"1001",3.02072679000001,11400
"1002",0.0289955699999981,500
"1003",0.212416469999999,5550
"1004",32.03030061,6350
"1005",0.0901817100000017,500
"1006",0.126145079999999,450
"1007",0.0695191499999956,850
"1008",0.0233916299999993,6300
"1009",0.036881100000002,500
"1010",0.02183121,500
"1011",0.0156842999999999,450
"1012",0.0391589999999964,450
"1013",0.0159363000000031,500
"1014",0.0176503500000034,450
"1015",0.0215021699999983,450
"1016",0.0206778600000005,500
"1017",0.0079451100000007,450
"1018",0.00877589999999957,450
"1019",0.0490717800000025,450
"1020",0.0234352799999995,550
"1021",0.110110499999998,500
"1022",8.68844349,7500
"1023",20.79887589,4700
"1024",0.204990030000001,500
"1025",0.162545670000005,600
"1026",0.127187460000003,500
"1027",0.664953750000003,5100
"1028",3.62973266999999,8850
"1029",0.0252752399999985,500
"1030",0.105111000000003,550
"1031",0.0176209200000001,550
"1032",0.0480789000000008,550
"1033",0.0118233899999999,550
"1034",0.0793524599999994,500
"1035",0.16053831,500
"1036",0.0964495799999976,500
"1037",0.09313938,550
"1038",0.158025330000004,550
"1039",0.0136954800000016,500
"1040",38.31764499,5350
"1041",0.0229937399999989,450
"1042",69.67104237,15350
"1043",0.0271975500000026,450
"1044",0.0189705599999999,550
"1045",0.0125582399999998,650
"1046",0.0606775499999994,500
"1047",0.0040544100000003,1200
"1048",0,500
"1049",48.28149495,9150
"1050",0.0441000899999997,500
"1051",0.0158625000000011,500
"1052",0.01914255,500
"1053",0.01914795,500
"1054",0.271319400000003,450
"1055",0.00208296000000025,800
"1056",0.0246536999999971,450
"1057",0.0081513900000013,500
"1058",0.0118589400000008,550
"1059",0.0166645799999998,500
"1060",0.0132353999999998,800
"1061",0.00496268999999985,550
"1062",0.00494369999999974,500
"1063",0.00467190000000016,500
"1064",0.0148728599999997,700
"1065",0.0163383300000015,500
"1066",0.00305505000000039,550
"1067",8.33810859,5200
"1068",0.0165051900000001,450
"1069",0.00101403000000009,550
"1070",0.00328023000000054,500
"1071",0.00561581999999991,550
"1072",0.00417491999999915,500
"1073",0.0417976200000013,750
"1074",0.00785438999999953,500
"1075",0.0997796700000026,450
"1076",0,650
"1077",1.37438577000001,500
"1078",13.3426998,9199
"1079",1.07317719,550
"1080",0,550
"1081",0,600
"1082",0,550
"1083",1.12869315000001,500
"1084",0,500
"1085",0,1150
"1086",0.664519230000007,950
"1087",0,450
"1088",10.70874189,6750
"1089",0.0375859799999992,500
"1090",0.402255720000009,450
"1091",5.48565570000003,450
"1092",1.14877539,950
"1093",0.153315539999998,650
"1094",0.27263349,450
"1095",0.02870127,650
"1096",0.199007819999999,450
"1097",0.0714471300000003,450
"1098",0.03506202,500
"1099",0.0890788500000026,500
"1100",0.104387580000001,500
"1101",0.0609881400000018,500
"1102",0.0194644800000006,500
"1103",0.0659869199999971,450
"1104",0.0670911300000027,500
"1105",29.91719106,4300
"1106",0.00345888000000009,550
"1107",0.0201867300000001,600
"1108",0.00790865999999981,500
"1109",1.14901506,7050
"1110",0.00188370000000029,500
"1111",0.0788933700000026,1100
"1112",0.0269544600000001,650
"1113",13.30057431,10400
"1114",1.98658017,9050
"1115",0.0500494500000013,500
"1116",0.38573739,7700
"1117",0.0337520699999993,550
"1118",0.00735578999999922,550
"1119",0.0140389200000009,550
"1120",15.77206269,4550
"1121",0.329349149999993,650
"1122",0.16797087,550
"1123",0.18563472,450
"1124",0.193610339999995,500
"1125",0.160593660000001,700
"1126",0.189016470000001,650
"1127",0.537279750000003,500
"1128",0.220155840000001,450
"1129",17.09787951,5550
"1130",0.115881480000002,500
"1131",0.125283780000001,550
"1132",0.019347660000001,450
"1133",0.190023389999998,500
"1134",0.0110685600000002,500
"1135",0.198304290000004,600
"1136",0.0836148599999995,500
"1137",0.00192149999999997,500
"1138",0.0349775999999994,500
"1139",0.000492930000000019,900
"1140",24.37182666,9750
"1141",0.0655602299999996,450
"1142",0.173781900000004,450
"1143",0.204046740000001,500
"1144",0.103488120000002,500
"1145",0.000908640000000088,450
"1146",0.0100365300000001,500
"1147",27.02676672,7300
"1148",0.138761460000001,550
"1149",19.08834615,4900
"1150",0.0879304499999995,450
"1151",0.0252695699999987,500
"1152",0.01142505,550
"1153",8.75651283,5000
"1154",0.874927350000008,500
"1155",0.119878469999998,550
"1156",10.52652663,5950
"1157",0,500
"1158",41.96077812,8200
"1159",0.0202259700000009,21150
"1160",38.39973669,5850
"1161",0.45110133,10900
"1162",0.00521415000000069,550
"1163",0.140915069999998,550
"1164",0.0159441299999988,700
"1165",0.0112903200000005,550
"1166",0.00852813000000091,600
"1167",3.90519333,11950
"1168",0.0175944599999985,500
"1169",1.59761277,4750
"1170",0.00671031000000064,600
"1171",0.00972053999999963,600
"1172",0.638751689999993,550
"1173",0.0888145200000018,500
"1174",0.093475799999998,500
"1175",0.0599560200000007,600
"1176",0.106930890000003,550
"1177",0.00336546000000058,500
"1178",0,1150
"1179",15.52160187,4650
"1180",0.0814733099999991,500
"1181",0.374347079999997,500
"1182",45.5629437,5300
"1183",0.0888100200000032,500
"1184",0.207443880000003,650
"1185",0.32049729,600
"1186",0,450
"1187",0.386461440000001,550
"1188",0.219558690000031,450
"1189",2.02452345,4900
"1190",0.0985992300000052,500
"1191",0.279777780000001,550
"1192",0,700
"1193",4.52267153999998,500
"1194",0.0291401999999991,650
"1195",1.53293660999999,750
"1196",0,500
"1197",0.00439928999999984,500
"1198",0.0119570399999999,600
"1199",0.00684261000000054,550
"1200",12.14506953,5250
"1201",0.030303900000001,600
"1202",0.04330224,500
"1203",0.00547343999999982,500
"1204",0,500
"1205",0,750
"1206",11.12284458,5600
"1207",26.80806042,7200
"1208",0.00168120000000017,450
"1209",0.00251387999999971,550
"1210",0.00153512999999942,900
"1211",0.03550896,500
"1212",0.104667210000003,550
"1213",0.389808089999999,500
"1214",0.0967494600000002,750
"1215",0.0992400300000017,550
"1216",7.73566083,6750
"1217",0.952705889999999,500
"1218",0.0967999500000018,500
"1219",11.36303496,8250
"1220",0.945875700000004,500
"1221",0.191296709999998,450
"1222",0.162591480000001,500
"1223",0.158100930000002,450
"1224",18.21519216,10300
"1225",38.15854749,6350
"1226",0.0198684899999998,550
"1227",0.028436490000002,550
"1228",0.0210740399999984,550
"1229",0.316590120000001,5150
"1230",0.00709155000000017,550
"1231",0.0943490700000032,450
"1232",0.347285790000007,450
"1233",41.39066259,6350
"1234",0.00446705999999968,450
"1235",0.0185392800000001,450
"1236",0.0128977200000008,450
"1237",4.65712578,5500
"1238",0.28817757,6200
"1239",21.32824122,6300
"1240",0.104949719999998,500
"1241",0.166190850000001,500
"1242",0.249683849999995,500
"1243",0.389185469999998,500
"1244",18.29244015,4900
"1245",0.0296191800000003,500
"1246",0.00882557999999858,450
"1247",0.10721394,450
"1248",2.30229801000001,5350
"1249",0.0671674500000008,6450
"1250",0.00833841000000014,500
"1251",0.0117635399999993,550
"1252",1.25508915000001,550
"1253",0.0115612199999991,500
"1254",2.84109093,4700
"1255",0.0167363999999999,500
"1256",0.00813537000000018,500
"1257",0.0144969300000009,450
"1258",0,550
"1259",0,550
"1260",0.00313397999999993,450
"1261",0.00405737999999902,450
"1262",0.0200424599999989,500
"1263",0.0154851300000005,500
"1264",4.82601438,10300
"1265",0.00387557999999954,450
"1266",0.00967446000000003,850
"1267",0.0686411099999992,550
"1268",0.0116303400000004,500
"1269",0.0149592599999994,500
"1270",0.0148859100000003,450
"1271",0.0217997099999992,550
"1272",0.0763359300000007,450
"1273",0.426087899999999,500
"1274",0.450186840000006,450
"1275",0,450
"1276",0.275625179999996,750
"1277",0,600
"1278",0.116207010000003,500
"1279",0.418959449999997,500
"1280",0.32448987,650
"1281",1.62187443000001,500
"1282",0,500
"1283",0.0965804399999993,550
"1284",50.3516754,8900
"1285",0.00385118999999948,500
"1286",0.446353110000001,550
"1287",0.128265030000001,600
"1288",0,500
"1289",0.190736729999997,500
"1290",0.200837880000002,500
"1291",0,500
"1292",0,550
"1293",0.110896200000004,450
"1294",0.104429699999999,500
"1295",26.31205944,5550
"1296",0.0068865299999994,500
"1297",0.00797310000000109,500
"1298",0.0292194000000016,450
"1299",0.00382230000000002,450
"1300",0.00882755999999904,450
"1301",0.0120761999999998,500
"1302",0.00135224999999996,450
"1303",0.0346066200000012,800
"1304",0.313293509999994,600
"1305",0.00951075000000021,600
"1306",11.91851001,5300
"1307",9.9180000000045e-05,450
"1308",0.00378260999999937,500
"1309",0.00602405999999982,500
"1310",0.0134826299999989,550
"1311",0.00305190000000007,550
"1312",4.59000000000632e-06,450
"1313",0.00351207000000018,500
"1314",0,500
"1315",0,450
"1316",0.344461859999996,500
"1317",3.41920836,4900
"1318",0,500
"1319",0,550
"1320",0.0652940999999975,800
"1321",0.426644189999998,500
"1322",0.399911400000009,550
"1323",0.262572839999999,700
"1324",0.118829519999996,450
"1325",0.00347868000000069,550
"1326",0.629134199999997,750
"1327",0.228380490000001,700
"1328",0,650
"1329",0,450
"1330",0.394017659999998,500
"1331",0,500
"1332",0,600
"1333",3.98237570999998,650
"1334",0.524960099999996,450
"1335",0.0591922800000022,450
"1336",0.174745980000002,500
"1337",0.186651719999998,500
"1338",0.30828672,450
"1339",0.385717049999996,450
"1340",0.0421705800000029,450
"1341",59.22004401,14200
"1342",0.0407977200000005,450
"1343",0.192797009999998,650
"1344",32.43457206,9150
"1345",0.246053340000006,450
"1346",0,500
"1347",0.340123500000002,1250
"1348",0.00853857000000027,500
"1349",0.00224747999999994,450
"1350",0.0161739900000007,700
"1351",0.0137277000000004,450
"1352",0.0173350799999997,500
"1353",0.26710056,5550
"1354",0.0501400800000028,600
"1355",0.0288683099999999,500
"1356",0.676322729999999,4750
"1357",0.01926234,450
"1358",0.0202724100000016,500
"1359",0.0216097199999992,500
"1360",4.05652157999999,450
"1361",1.72403432999999,450
"1362",0.00401355000000009,450
"1363",0.954826559999998,450
"1364",0.109887839999999,450
"1365",0.131798699999994,500
"1366",0.112793129999997,450
"1367",10.29794472,5250
"1368",0.131831819999999,450
"1369",1.32608457,500
"1370",0.0660829499999966,450
"1371",3.06292239000001,4750
"1372",0.00332478000000054,500
"1373",55.46057616,9600
"1374",0.647774819999998,3550
"1375",0.398576339999998,3550
"1376",0.633313890000002,3450
"1377",0.58934628,3550
"1378",0.574297560000003,3450
"1379",0.47854818,3450
"1380",33.47648973,7800
"1381",0.309922739999999,3500
"1382",11.5083783,10650
"1383",0.181069470000002,3650
"1384",0.380383200000002,4600
"1385",0.0473952600000002,3450
"1386",0.13948344,3850
"1387",19.27067229,7450
"1388",0.450364409999998,3550
"1389",0.178253459999999,4550
"1390",0.497796930000001,3450
"1391",0.619118819999997,3550
"1392",0.60810336,4150
"1393",10.2204729,8150
"1394",0.196369469999998,3550
"1395",0.10432872,3550
"1396",0.217978199999999,3500
"1397",0.410395230000006,3450
"1398",0.318146220000002,3500
"1399",0,3550
"1400",0,3450
"1401",0,4100
"1402",0.36029871,7350
"1403",0.068272650000002,3450
"1404",0,3500
"1405",0,3450
"1406",13.96953846,9900
"1407",1.98756135,3600
"1408",0.510029460000002,3500
"1409",0.440304210000002,4300
"1410",0.41854986,3550
"1411",0.611687969999998,3550
"1412",0.537241590000003,3550
"1413",0.494136900000003,3450
"1414",0.556127190000001,3600
"1415",0.827072100000003,3500
"1416",0.615521880000002,3500
"1417",0.59041683,3450
"1418",0.613346490000002,3450
"1419",0.617203620000001,3500
"1420",0.527452560000002,3450
"1421",61.53971238,7800
"1422",0.518524200000003,3450
"1423",0.638550629999997,3700
"1424",0.51022125,3600
"1425",34.51455441,7600
"1426",1.55777796,3500
"1427",0.0961516799999999,3600
"1428",111.8145528,16650
"1429",0.253043459999999,3750
"1430",53.72314839,13050
"1431",0.374947650000002,3550
"1432",0.137849130000001,3850
"1433",0.11276928,3550
"1434",14.07006927,7350
"1435",0.702778680000001,3500
"1436",0.795181679999998,7650
"1437",0.353030579999998,3600
"1438",0.369921690000001,4200
"1439",0.407979270000007,3450
"1440",0.235920690000001,4450
"1441",0.35967933,5000
"1442",0.409902659999999,4200
"1443",0.581575500000002,3550
"1444",0,3450
"1445",0.352713509999998,3550
"1446",0.510324390000001,3500
"1447",0.435444930000001,3450
"1448",0.529273079999998,3450
"1449",0.62027937,3800
"1450",1.32205769999999,3450
"1451",0.570500819999999,4100
"1452",82.61339445,13700
"1453",52.87196826,6750
"1454",0.13657122,3550
"1455",22.17268071,11800
"1456",0.130535639999999,4100
"1457",0.0447396299999998,4100
"1458",0.239751269999998,4350
"1459",0.126266039999998,3550
"1460",0.0540335699999989,3750
"1461",0.16547382,3500
"1462",0.194506829999999,4300
"1463",4.88985119999999,10750
"1464",0.261856260000002,3850
"1465",0.127337129999999,3500
"1466",5.40568700999999,8100
"1467",0.0668995200000009,3550
"1468",0.419312970000001,3700
"1469",0.2123298,3450
"1470",0.256466790000002,3500
"1471",0.29049192,3800
"1472",0.10537128,3500
"1473",4.4225712,7350
"1474",45.06576993,10050
"1475",0.23242689,4100
"1476",0.98360055,3650
"1477",0.588269969999999,3450
"1478",0.586246409999998,3550
"1479",0.615400469999998,3450
"1480",0.323728740000001,3450
"1481",0.451068209999999,4500
"1482",0.905939279999999,7300
"1483",0.450380249999999,3800
"1484",0.52559433,3450
"1485",4.59817739999998,4800
"1486",0.565162559999999,3450
"1487",0.478611270000002,4450
"1488",0.599830829999997,3550
"1489",0.510684749999999,3500
"1490",0.0956867400000011,3500
"1491",0.189552059999999,3450
"1492",0.146172689999999,3450
"1493",41.64694263,7800
"1494",0.0801665999999999,3500
"1495",27.7551115199999,8000
"1496",0.522649259999998,3600
"1497",0.11696499,3600
"1498",0.15470118,3450
"1499",0.143630279999999,3450
"1500",0.100540890000001,3600
"1501",0.0963094499999999,3700
"1502",9.24905079,7450
"1503",0.550583190000002,3550
"1504",0.220654799999999,3500
"1505",3.83825961,11550
"1506",0.0592662599999993,4800
"1507",2.84676705,16050
"1508",0.179752680000003,3550
"1509",0.1839627,4000
"1510",0.283160070000001,3750
"1511",0.224568359999999,4200
"1512",0.222542910000001,3450
"1513",0.240929369999998,3550
"1514",0.867846059999998,3450
"1515",0.347913450000003,3500
"1516",0.366089490000002,3550
"1517",0.391782329999999,3450
"1518",0.571395960000001,3450
"1519",0.31973589,3550
"1520",3.54830202,8800
"1521",0.511214669999998,3550
"1522",0.54942021,3500
"1523",0.543072149999999,3550
"1524",0.415140120000001,3550
"1525",0.495753480000001,3450
"1526",0.69641919,3450
"1527",2.68379739,11300
"1528",0.85014045,3550
"1529",0.590882399999999,3550
"1530",29.51670447,7750
"1531",0.386361540000001,3550
"1532",1.59123699,7200
"1533",0.145635569999997,3500
"1534",17.72238483,3650
"1535",0.329187599999997,3500
"1536",100.16043642,15150
"1537",0.248062140000004,3550
"1538",26.12549754,8500
"1539",2.86028784000005,4150
"1540",0.36567359999999,3500
"1541",0.00293364000000013,3500
"1542",80.16105177,11300
"1543",0.349304940000001,4200
"1544",1.0788768,4050
"1545",0.221845500000006,3500
"1546",0.0360518399999988,3650
"1547",0.185208660000001,3700
"1548",0.669097800000004,3900
"1549",0.151925490000002,3950
"1550",0.125259209999999,3500
"1551",0.404842049999998,3450
"1552",0.376201800000001,3500
"1553",0.533793329999995,3450
"1554",0.428578020000001,3450
"1555",4.28225102999999,5250
"1556",55.06858656,12550
"1557",0.561602789999999,4050
"1558",0.879656669999999,4150
"1559",2.0846016,7700
"1560",8.75822643,7600
"1561",0.10938861,3550
"1562",2.40023097000004,3600
"1563",31.48878015,9450
"1564",0.909362520000004,3600
"1565",0.162307350000002,3500
"1566",1.22787567,3850
"1567",2.69891567999999,7650
"1568",1.76887647000001,3800
"1569",0.0213647399999978,3700
"1570",0.596616030000004,3750
"1571",0.00148445999999994,3500
"1572",0.383087880000004,3500
"1573",0.409961970000002,3450
"1574",0.556737029999998,3500
"1575",0.341287200000002,3450
"1576",0.219220380000001,3450
"1577",4.44355947000001,3450
"1578",0.26210916,4350
"1579",0.328015890000002,3450
"1580",0.214787789999999,4300
"1581",6.61309047,7650
"1582",0.297468989999996,3450
"1583",1.18189692,3500
"1584",0.448338869999999,4400
"1585",0.505736730000004,3450
"1586",1.52448444000002,3650
"1587",0.727955280000006,3450
"1588",0.133489800000001,3500
"1589",0.831638249999999,3500
"1590",0.286060499999988,3800
"1591",5.61744729,7200
"1592",0.141718049999998,3500
"1593",0.167812919999999,3500
"1594",0.12897126,3450
"1595",2.71081773,7200
"1596",0.220009949999999,3500
"1597",1.69506207000001,3500
"1598",0.245032830000003,3500
"1599",0.597224520000018,3500
"1600",1.53479888999998,3450
"1601",0.0735157800000005,3650
"1602",0.156740039999998,3600
"1603",23.1817258799999,8200
"1604",0.0650856599999968,3500
"1605",0.0920556900000045,3800
"1606",0.0331013699999996,3450
"1607",0.290134890000004,4600
"1608",0.0502398000000009,3650
"1609",32.02628274,13250
"1610",0.0723352499999976,3450
"1611",80.99313966,18950
"1612",97.2975789000001,9450
"1613",0.7210026,9150
"1614",0.735594840000005,3500
"1615",0.478311840000003,3550
"1616",14.96002257,7750
"1617",0.229075110000002,450
"1618",0,500
"1619",123.88441851,10850
"1620",33.90220656,5250
"1621",1.20398013,3150
"1622",0.801865530000001,750
"1623",0.450779850000006,500
"1624",27.58512735,9650
"1625",14.67126108,7950
"1626",1.44234036000001,500
"1627",0.431654579999995,750
"1628",57.8265003900001,11450
"1629",21.80203722,4400
"1630",0.00240516000000034,450
"1631",0.266077259999996,500
"1632",0.0325506599999998,500
"1633",0.179890020000007,500
"1634",0.509373179999993,500
"1635",0.16289388,500
"1636",67.84204392,8350
"1637",0.0132631199999977,450
"1638",0.0570431700000065,550
"1639",0.284837579999982,450
"1640",0.112374450000001,500
"1641",0.000206549999999875,450
"1642",5.1003243,3550
"1643",0.044449829999999,450
"1644",0.174977369999993,500
"1645",0.507781439999994,450
"1646",37.60221069,19850
"1647",0.000937169999999663,600
"1648",0.108385919999999,500
"1649",0.0461623500000008,550
"1650",2.45033919,5000
"1651",0.0165053700000005,500
"1652",0.509324759999998,500
"1653",0.0659037600000031,750
"1654",0.0319546800000005,500
"1655",0.0149831999999985,650
"1656",71.19707013,11300
"1657",0.880142039999991,550
"1658",0.0926038800000027,450
"1659",0.0318765600000006,500
"1660",0.219940469999999,550
"1661",0.0846954900000009,450
"1662",0.000911339999999909,500
"1663",0.17716940999999,750
"1664",37.75492449,5750
"1665",0.158692319999994,450
"1666",0.602050860000026,450
"1667",0.00334773000000058,450
"1668",0.104807519999994,500
"1669",0.120138480000002,500
"1670",0.00114452999999976,450
"1671",0.130771799999999,500
"1672",0.0268204500000018,500
"1673",0.136022040000002,850
"1674",0,450
"1675",0.11675034,500
"1676",12.3895511999999,2900
"1677",11.58730371,5100
"1678",0.379927440000007,500
"1679",0.244437299999999,500
"1680",80.79427125,9650
"1681",0.98956278,550
"1682",0.00247887000000022,500
"1683",36.27900027,5150
"1684",10.5277914,500
"1685",1.93313718,500
"1686",0.435422429999993,500
"1687",0.470144789999988,1300
"1688",0.480782519999998,500
"1689",0.000331110000000002,450
"1690",0.0324624599999985,500
"1691",0.0297424800000003,550
"1692",0.0214392599999987,450
"1693",0.0105150600000002,500
"1694",0.0242732699999986,450
"1695",0.0821111399999954,500
"1696",0.312205770000002,600
"1697",0.259534350000003,500
"1698",0.192305520000004,850
"1699",111.75349122,8300
"1700",0.0537671700000011,1750
"1701",0.00357002999999931,500
"1702",39.47148783,9750
"1703",0.133794630000006,850
"1704",0.319620779999992,450
"1705",0.787525470000002,500
"1706",0.103879799999992,500
"1707",0,500
"1708",0.0205690499999982,600
"1709",39.4237547100001,5000
"1710",0.523263329999998,550
"1711",0.0168345,550
"1712",0.118434060000001,550
"1713",0.00612099000000021,650
"1714",0.00212499000000053,550
"1715",0.0111831299999999,500
"1716",0.148708169999999,550
"1717",0.950332320000006,500
"1718",0.00419670000000032,500
"1719",7.19534060999996,550
"1720",0,500
"1721",0.10616535,550
"1722",0.13309128,550
"1723",12.64585626,4550
"1724",0.0316673100000002,500
"1725",0,450
"1726",0.00385145999999945,500
"1727",0.00337247999999943,450
"1728",0.00585593999999934,500
"1729",0.00723869999999999,700
"1730",3.58771014,4900
"1731",0.0309318300000032,450
"1732",0.00261332999999961,550
"1733",0.0837897299999962,500
"1734",0.109349460000004,950
"1735",0.00879408000000138,500
"1736",0.102212190000002,500
"1737",0.228765869999997,450
"1738",0.0015566399999999,450
"1739",0.0394105499999969,550
"1740",0.098438399999996,500
"1741",0,700
"1742",0.112012740000004,500
"1743",0.367527329999992,750
"1744",0.179493030000004,600
"1745",0.965850390000006,500
"1746",0.932562630000006,450
"1747",0.0174969900000011,550
"1748",0.124437869999999,500
"1749",0.0900290699999999,450
"1750",0.0243963899999985,500
"1751",0.0543287700000009,500
"1752",4.07126331,8600
"1753",0.0630623699999968,450
"1754",0.00294291000000052,450
"1755",1.47010022999999,450
"1756",117.51356709,10150
"1757",0.360060930000006,500
"1758",0.325790459999996,550
"1759",13.04429724,3900
"1760",68.70109077,5400
"1761",1.39898754,3600
"1762",0.0399349799999993,500
"1763",106.15712598,11250
"1764",0.197108190000009,500
"1765",0.517599540000018,500
"1766",0.00623601000000064,800
"1767",0.0209301300000037,450
"1768",0.00428454000000008,500
"1769",0.410090129999991,500
"1770",0.0214429499999994,500
"1771",0.0102192300000006,500
"1772",7.97872625999998,500
"1773",1.63990827000003,450
"1774",0.228770909999997,500
"1775",0.44096742,4800
"1776",0.0258245999999981,550
"1777",0.000331019999999826,600
"1778",3.15759869999999,3850
"1779",0.00191645999999924,900
"1780",0.0446617799999979,500
"1781",0.162110429999998,750
"1782",50.81393079,5750
"1783",0.13462695,1300
"1784",0.0661696200000011,500
"1785",0.0321967800000008,500
"1786",1.85143617,5000
"1787",0.0410605199999957,500
"1788",0.021343950000001,550
"1789",0.448134840000003,550
"1790",19.57999734,4050
"1791",0.00801360000000019,450
"1792",17.3501082,5050
"1793",0.0859720500000017,500
"1794",1.55649546000001,500
"1795",0.144751949999993,550
"1796",0.0505475099999985,500
"1797",0.769880159999976,450
"1798",0.00106317000000029,500
"1799",0.53718705000002,450
"1800",0.123895889999991,500
"1801",0.0108441000000001,500
"1802",0.0115013699999998,550
"1803",0.000125729999999975,450
"1804",0.01391454,500
"1805",0.224451449999999,650
"1806",17.44802685,12350
"1807",0.00233748000000001,650
"1808",0.500706720000007,500
"1809",0.143481779999998,450
"1810",0.443885040000001,900
"1811",0.822542310000026,450
"1812",35.89642899,7350
"1813",0.0608249699999978,800
"1814",0.0109528200000018,750
"1815",3.11801283,5050
"1816",0.0928628100000004,650
"1817",0.0625550399999985,500
"1818",0.14841072,500
"1819",0.0134013600000002,600
"1820",0.456182460000005,500
"1821",37.37697561,5000
"1822",0.0396846900000023,500
"1823",0.0545872500000023,650
"1824",0.0409113899999999,500
"1825",0.129353940000001,600
"1826",0.158547600000004,550
"1827",0.0712158300000009,500
"1828",29.64273363,4950
"1829",0.76714497000001,450
"1830",75.6109080000002,11150
"1831",0,450
"1832",0.112799160000002,600
"1833",0.00297755999999963,450
"1834",0.1975275,450
"1835",0.0208255500000005,500
"1836",0.0482471099999931,450
"1837",0.22617036,800
"1838",1.09265112000003,450
"1839",0.0324017100000025,450
"1840",0.0137382299999992,500
"1841",0.11838933,450
"1842",0.407517389999991,450
"1843",0.494053109999986,450
"1844",2.13125598000003,500
"1845",34.21596258,4850
"1846",0.130357530000005,400
"1847",0.116596350000005,450
"1848",0.11347542,450
"1849",0.662955479999998,450
"1850",49.7582664299999,5100
"1851",0.365197770000004,550
"1852",0.390001049999987,500
"1853",0.140815260000004,500
"1854",23.43200247,7850
"1855",4.70375775,9350
"1856",0.00995130000000003,1100
"1857",0.120253319999994,500
"1858",0.070788059999997,500
"1859",0.058637159999997,500
"1860",0.149594579999988,450
"1861",0.288684359999999,500
"1862",0.33143787,450
"1863",0.135221129999999,450
"1864",0.117730169999998,500
"1865",1.30999572000001,2400
"1866",0.0312413400000007,450
"1867",0.171711450000003,500
"1868",0.0164066399999988,550
"1869",0.212474699999999,1250
"1870",0.0235396799999981,550
"1871",0.0721364399999994,450
"1872",0.105618509999997,500
"1873",1.75371623999998,500
"1874",12.04070562,4700
"1875",0.508870889999985,850
"1876",0.367685549999996,550
"1877",0.246294179999998,500
"1878",0.167708789999998,450
"1879",1.21707656999999,500
"1880",0.187426350000003,500
"1881",0.430047629999989,550
"1882",0.0232779599999998,450
"1883",0.00689004000000069,550
"1884",15.686658,4850
"1885",0.408167279999997,500
"1886",0.460329389999989,550
"1887",12.8804270400003,550
"1888",0.116745570000008,500
"1889",0.00629577000000131,800
"1890",0.00922220999999867,500
"1891",42.81968952,8900
"1892",0.144121770000001,450
"1893",0.720597420000008,550
"1894",0.400003560000007,3550
"1895",0.0023258700000003,550
"1896",0.0318974399999974,700
"1897",1.00210401000001,500
"1898",25.83202374,4800
"1899",0.0257915700000002,450
"1900",20.33080695,11750
"1901",0.31465296,3800
"1902",0.0712814400000029,3750
"1903",0.786318389999989,7750
"1904",0.201291210000002,3600
"1905",0.460787310000002,3500
"1906",0.135647280000001,3650
"1907",1.89030258,4250
"1908",0.899666730000039,3600
"1909",2.61400473,7500
"1910",0.424130489999999,3500
"1911",0.677564099999997,3500
"1912",2.55921696,8200
"1913",0.40923882,3500
"1914",0.31844574,3550
"1915",0.496461600000002,3500
"1916",0.21445893,3500
"1917",0.212636159999999,3550
"1918",0.169130609999999,3500
"1919",70.4651463,7600
"1920",0.24095691,3550
"1921",15.8654403,8300
"1922",0.152906669999997,3550
"1923",1.44951902999999,7100
"1924",0.123440220000001,3500
"1925",0.177121980000003,3550
"1926",126.8139465,12950
"1927",18.0712386,9850
"1928",0.188474039999999,3500
"1929",0.15812055,3550
"1930",0.143911170000001,3500
"1931",0.207886500000001,3650
"1932",0.119114819999999,3550
"1933",0.170677349999999,3650
"1934",0.13261212,3550
"1935",0.106451100000001,3500
"1936",0.37576872,5950
"1937",0.15269112,3550
"1938",0.108449459999998,3700
"1939",30.72061782,12950
"1940",0.652874579999999,3500
"1941",76.79404683,8350
"1942",0.526912110000001,3500
"1943",0.696647159999998,3600
"1944",0.647631809999998,3900
"1945",0.70155711,3450
"1946",2.43813888,7950
"1947",0.811469250000005,3450
"1948",0.429533100000001,3500
"1949",0.387305369999999,3500
"1950",30.09658347,9350
"1951",1.434492,3500
"1952",0.247950270000001,3650
"1953",27.25306884,7850
"1954",2.20393881,6100
"1955",0.12155796,3500
"1956",22.65463404,8250
"1957",0.700324199999993,3600
"1958",0.32123943,3600
"1959",0.298887029999999,8000
"1960",0.201290310000002,3650
"1961",0.455460209999997,3600
"1962",21.50580051,7500
"1963",0.283195529999995,3600
"1964",0.310394339999999,3700
"1965",5.61001806,7650
"1966",0.204880860000001,3600
"1967",0.194787000000001,3550
"1968",0.16275231,3500
"1969",0.204495390000002,3600
"1970",50.07838734,8250
"1971",0.32498478,3500
"1972",6.45983001000002,8150
"1973",0.114706440000002,3500
"1974",0.143401050000001,3500
"1975",0.282726900000002,3450
"1976",0.529670249999997,3600
"1977",0.325051739999999,3500
"1978",0.364667220000002,3600
"1979",0.671004630000003,3450
"1980",0.292480560000002,3500
"1981",0.565917119999996,3500
"1982",0.392072669999998,3450
"1983",0.29124855,3900
"1984",0.10872189,3700
"1985",0.189090720000007,3800
"1986",0.35965521,3500
"1987",1.32433011,6400
"1988",0.243489869999995,3700
"1989",0.376097310000003,3650
"1990",13.04594019,9850
"1991",0.236325510000001,3500
"1992",0.19297881,3500
"1993",16.23928455,15800
"1994",0.434514599999997,3550
"1995",0.54312147,3500
"1996",0.408500100000002,3550
"1997",0.589914539999999,3550
"1998",0.503202240000003,3450
"1999",0.40715991,3500
"2000",24.43458204,8000
"2001",0.13902723,3600
"2002",0.135471779999999,3600
"2003",0.133628760000002,3500
"2004",17.07186519,9950
"2005",193.83073731,16550
"2006",0.22195431,3600
"2007",0.1404432,3500
"2008",0.14964444,3550
"2009",0.183152069999999,3550
"2010",0.787547609999994,3750
"2011",0.11000106,3550
"2012",0.151617959999999,3550
"2013",0.61996689,3600
"2014",0.155342700000003,3600
"2015",0.19037898,3550
"2016",24.499755,11750
"2017",56.739726,13350
"2018",0.0735433200000007,3650
"2019",46.24848765,9850
"2020",67.34338551,11800
"2021",0.449586899999997,3500
"2022",1.76820543,8150
"2023",0.152445240000001,3750
"2024",0.125651700000004,3950
"2025",0.301582799999996,3700
"2026",0.112694040000003,3500
"2027",0.169942409999998,3900
"2028",8.5702032,13950
"2029",0.357105600000002,3550
"2030",38.59155828,9350
"2031",0.245439270000001,3750
"2032",0.176044949999999,3800
"2033",4.01033178,10650
"2034",0.198106740000001,3550
"2035",0.384792029999999,3600
"2036",0.25712073,3550
"2037",0.214210619999999,3600
"2038",0.234721620000001,3500
"2039",20.35567791,10150
"2040",0.267629759999997,3750
"2041",1.15428690000001,3500
"2042",0.213626789999999,3500
"2043",0.19502622,3600
"2044",0.13740687,3500
"2045",4.29265377000005,8700
"2046",0.15902163,3600
"2047",0.229905179999998,3600
"2048",5.01620886,10500
"2049",11.49519924,7450
"2050",0.783596250000002,3650
"2051",0.491527980000001,3600
"2052",0.493174620000001,3500
"2053",0.519559289999997,3450
"2054",0.4178295,3500
"2055",0.470759850000001,3500
"2056",0.22865967,3450
"2057",0.241173629999994,3450
"2058",0.727736489999991,3450
"2059",0.323562420000002,3500
"2060",0.325073070000002,3500
"2061",0.507468420000003,3550
"2062",48.58872651,11900
"2063",0.462659040000001,3550
"2064",0.477717390000001,3650
"2065",0.384157530000001,3650
"2066",0.429181290000003,3700
"2067",0.440359739999998,3450
"2068",74.38375116,12200
"2069",0.569795399999998,3500
"2070",0.584840790000002,3500
"2071",0.147005010000002,3450
"2072",0.467842230000002,3500
"2073",0.456522839999998,3450
"2074",0.47548089,3650
"2075",0.322583220000002,3500
"2076",89.04342627,11800
"2077",0.929854890000003,3550
"2078",0.22144815,3550
"2079",0.174904830000001,3500
"2080",0.262677780000006,3450
"2081",0.096669270000001,3450
"2082",0.224606969999997,3900
"2083",0.435095730000011,3450
"2084",0.141975089999999,3550
"2085",22.60361286,12600
"2086",0.610268849999959,3600
"2087",0.187428330000002,3450
"2088",82.0138959,11050
"2089",1.10765051999998,3500
"2090",0.145663290000002,3450
"2091",0.218549699999999,3500
"2092",20.33451486,8100
"2093",0.717390990000003,3450
"2094",0.435281580000003,3500
"2095",0.55061127,3450
"2096",0.386214030000001,3450
"2097",0.65912373,3550
"2098",0.70891938,3500
"2099",0.519007049999997,3550
"2100",0.69029847,3500
"2101",0.42695667,3450
"2102",0.2997801,3450
"2103",20.03641596,8100
"2104",4.77360351,11000
"2105",0.343500029999998,3500
"2106",0.30850956,3550
"2107",0.436475699999999,3550
"2108",0.499977629999999,3700
"2109",0.549232919999999,3500
"2110",0.597264659999993,3600
"2111",5.77447236,13150
"2112",0.51654474,3500
"2113",0.365981579999998,3650
"2114",0.52602192,3450
"2115",0.47900304,3700
"2116",0.525531419999998,3500
"2117",16.53864381,7150
"2118",0.386192339999999,3500
"2119",0.326327759999999,3450
"2120",0.267039629999999,3600
"2121",13.16235078,8200
"2122",0.0639669599999977,3600
"2123",0.00166266000000006,3550
"2124",0.0591364800000002,3550
"2125",79.10536986,11050
"2126",0.243416789999993,3500
"2127",0.275884020000002,3500
"2128",4.02145155,8650
"2129",0.498002130000016,3550
"2130",0.149355989999998,3500
"2131",0.33486075,3550
"2132",0.660179249999991,3500
"2133",0.490556610000006,3500
"2134",0.445358159999989,3500
"2135",0.132175799999995,3550
"2136",0.536028749999971,3450
"2137",0.915377580000011,3600
"2138",0.722658779999965,3500
"2139",0.0937887299999883,3500
"2140",0.411215130000005,3600
"2141",0.472884389999976,3450
"2142",0.40081167,3500
"2143",0.522005040000005,3500
"2144",0.55084023,3450
"2145",0.394080480000004,3450
"2146",0.475021260000004,3550
"2147",0.586052910000002,3450
"2148",0.423784530000005,3500
"2149",15.57313065,11300
"2150",0.744292169999994,3500
"2151",0.585375029999999,3450
"2152",4.58304768,12700
"2153",0.290472930000001,3500
"2154",103.67605089,13600
"2155",0.313673850000001,3600
"2156",0.456964380000001,3550
"2157",0.600932970000001,4250
"2158",21.28745853,7100
"2159",0.123361649999999,3550
"2160",0.197098739999999,3550
"2161",0.746251289999999,3550
"2162",6.73591644,8150
"2163",4.00565376,8150
"2164",0.555139799999999,3450
"2165",0.178074090000005,3500
"2166",0.595174230000003,3800
"2167",0.615450599999987,3700
"2168",0.186242849999997,3600
"2169",0.210196979999999,3650
"2170",35.1700974,8250
"2171",0.81982476,3550
"2172",0.504927719999994,3500
"2173",98.54526006,11300
"2174",0.201226770000002,3600
"2175",0.294299100000002,3600
"2176",0.130036049999999,3500
"2177",0.238905270000001,3500
"2178",0.57472641,3550
"2179",0.145626210000004,3500
"2180",0.141428789999999,3450
"2181",0.564720839999997,3550
"2182",0.220629240000005,3600
"2183",0.322256430000001,3600
"2184",0.530924670000002,9350
"2185",0.277803179999999,3450
"2186",0.384265619999999,3550
"2187",0.412457940000004,3500
"2188",0.397393650000001,3600
"2189",0.375692760000004,3800
"2190",0.34289586,3750
"2191",0.564604200000003,3550
"2192",0.222261029999998,3450
"2193",0.22134609,3700
"2194",0.322883550000002,3500
"2195",0.477040769999999,7350
"2196",0.443957219999999,3450
"2197",0.435302010000001,3450
"2198",0.463164119999998,3450
"2199",0.426446099999997,3500
"2200",0.438206039999997,3600
"2201",0.50866578,3450
"2202",4.18434669,11350
"2203",0.640903950000002,3500
"2204",0.65932938,3550
"2205",0.611510580000005,3500
"2206",28.06150995,9350
"2207",0.0360378900000022,450
"2208",32.66031501,11550
"2209",3.78598914,8200
"2210",0.366681599999997,3550
"2211",0.330418170000002,3550
"2212",0.348636779999997,3500
"2213",0.36486801,3550
"2214",0.224971920000002,3550
"2215",0.227422439999998,3500
"2216",15.05338146,7650
"2217",0.33485058,4500
"2218",0.327649860000002,3600
"2219",0.22604346,3500
"2220",17.93663856,9750
"2221",0.20477655,3500
"2222",0.297111870000001,3500
"2223",5.21515719,27400
"2224",0,0
"2225",37.5238044,10750
"2226",0.257379840000001,3550
"2227",0.330707790000004,4550
"2228",1.41308028000001,3450
"2229",0.375583230000003,3550
"2230",0.119620800000001,3500
"2231",31.84353855,7700
"2232",0.0462817799999997,3500
"2233",0.335753279999998,3550
"2234",1.91589777,3550
"2235",0.829017000000003,3500
"2236",103.85279091,14800
"2237",0.23110938,3550
"2238",0.930684059999997,3500
"2239",0.0989780400000007,3550
"2240",0.64599894,3500
"2241",0.619767269999999,3550
"2242",33.74977149,7900
"2243",0.30430134,4500
"2244",1.15741665,7750
"2245",12.91907727,13250
"2246",0.646750079999998,3500
"2247",0.222759629999999,3550
"2248",0.308438639999999,3500
"2249",0.11627316,3500
"2250",0.225932039999997,3600
"2251",0.125024129999999,3500
"2252",0.297975060000003,3550
"2253",0.30713157,3600
"2254",0.325828350000002,3500
"2255",21.84407532,8200
"2256",0.194200829999999,3450
"2257",0.00125460000000004,3550
"2258",0.451726379999999,3550
"2259",0.000986759999999894,3500
"2260",0.545820839999993,3500
"2261",0.0764189999999991,3700
"2262",1.36894238999998,4550
"2263",58.33189575,12500
"2264",30.09131379,13850
"2265",0.541005479999999,3550
"2266",0.882697679999998,3600
"2267",0.115162379999999,3500
"2268",29.76584688,10450
"2269",0.24894792,3450
"2270",0.49621095,3450
"2271",41.25757761,7950
"2272",0.402218459999992,3500
"2273",7.38011736,7500
"2274",0.625499100000001,3450
"2275",0.25763877,3800
"2276",0.243319770000002,8600
"2277",1.74743631,3500
"2278",0.528502680000001,3550
"2279",0.490981140000001,3500
"2280",0.320682150000001,3550
"2281",0.712012230000001,3500
"2282",0.383806079999998,3500
"2283",0.180897300000001,3550
"2284",0.0173120400000006,4700
"2285",0.387524429999999,3650
"2286",0.674359650000002,3500
"2287",0.24889941,3550
"2288",0.413825669999998,3550
"2289",31.20939207,12550
"2290",0.19439064,3550
"2291",0.386596709999999,3500
"2292",0.416407140000006,3500
"2293",0.485638829999999,3500
"2294",43.13072196,7200
"2295",0.31704867,3550
"2296",3.90741732,8150
"2297",0.178625429999999,3500
"2298",0.43583301,3550
"2299",135.54161514,13650
"2300",0.291628979999999,3600
"2301",0.298858860000001,3600
"2302",59.46649776,11800
"2303",0.269882550000004,3550
"2304",0.531563759999996,3650
"2305",0.077655690000002,3500
"2306",0.522601560000002,3500
"2307",0.0635532300000011,3550
"2308",0.128957040000003,3550
"2309",0.122113259999998,3550
"2310",0.254277900000005,3500
"2311",29.37577113,10450
"2312",0.707987429999995,3500
"2313",0.382470389999999,3500
"2314",0.582584039999997,3550
"2315",1.88187687,7750
"2316",0.0857658599999996,3450
"2317",2.87798319,7550
"2318",0.427879710000004,3500
"2319",0.30142341,3500
"2320",0.256726259999998,3500
"2321",0.258552899999999,3450
"2322",0.476065709999996,3550
"2323",0.119046329999998,3600
"2324",0.903585239999979,3600
"2325",1.92850623000003,3550
"2326",1.44176940000001,3550
"2327",44.8621189199999,7450
"2328",0.303117389999997,3550
"2329",0.584489159999999,3600
"2330",0.571997070000001,3600
"2331",14.9521374,8000
"2332",0.43095618,3550
"2333",0.35339094,3550
"2334",0.25763571,3500
"2335",0.714570300000003,3500
"2336",1.1057184,3600
"2337",7.78207634999999,6300
"2338",0.451518029999998,3450
"2339",25.86328668,10650
"2340",0.0103384800000005,3550
"2341",0.218762369999998,3550
"2342",0.157275180000001,3650
"2343",0.11428416,3500
"2344",70.01004897,9950
"2345",4.8051864,12900
"2346",0.426076110000002,3600
"2347",0.0540348300000007,3450
"2348",0.278045459999998,3500
"2349",0.0968150699999987,3450
"2350",27.79430355,8000
"2351",0.257744519999997,450
"2352",1.27356731999999,3450
"2353",0.274199669999999,3500
"2354",1.30602348000001,3500
"2355",0.541739790000002,3500
"2356",1.5665292,7350
"2357",0.468350460000003,3500
"2358",0.391191570000002,3450
"2359",0.584936640000007,3450
"2360",0.737038260000001,3500
"2361",0.960755310000001,3500
"2362",0.596259359999996,3500
"2363",32.09176017,10350
"2364",0.194293350000001,3450
"2365",0.0140229000000001,3500
"2366",0.175871969999999,3500
"2367",0.550369080000006,3450
"2368",6.82269578999997,3800
"2369",0.25825284,3650
"2370",0.289495800000001,3550
"2371",0.263573009999997,3550
"2372",0.203231520000001,3550
"2373",0.19643544,3450
"2374",2.22988329,7300
"2375",38.12167737,11250
"2376",0.176275439999999,3500
"2377",1.80829566,3650
"2378",0.02001681,3550
"2379",0.0201760200000004,3600
"2380",0.000743849999999916,3850
"2381",0.154113119999998,3500
"2382",0,3850
"2383",0.99666378,3550
"2384",1.15291341,3550
"2385",18.67471506,7850
"2386",0.610871220000007,3550
"2387",0.126533249999997,3500
"2388",22.90393962,7750
"2389",0.441364499999998,3550
"2390",0.295704899999997,3500
"2391",0.332585819999999,3700
"2392",0.319572630000002,3600
"2393",0.17634339,3700
"2394",24.05269989,7700
"2395",2.19175388999998,3450
"2396",4.63579758000001,3600
"2397",0.42791607,3700
"2398",1.76088564,7650
"2399",0.139739939999988,3500
"2400",0.113673419999997,3500
"2401",0.684697320000003,3450
"2402",0.760062780000005,3450
"2403",0.713418120000008,3500
"2404",0.691386570000003,3650
"2405",2.48359752000001,3600
"2406",0.1748826,3500
"2407",1.10722851,3500
"2408",0.00403218000000001,3550
"2409",0.0808445700000003,3550
"2410",0.568817819999999,3500
"2411",67.60428462,13000
"2412",0.110549340000001,3500
"2413",49.94116659,8450
"2414",6.71641344,8800
"2415",0.240908489999998,3500
"2416",1.20880997999999,3550
"2417",0.48939605999999,3500
"2418",0.246371490000001,3500
"2419",60.93997461,11650
"2420",0.999054270000005,3550
"2421",0.000757620000000003,3550
"2422",2.07938295000001,3500
"2423",45.35268183,8700
"2424",0.306939689999998,3500
"2425",0.516131100000003,3650
"2426",0.568136070000005,3450
"2427",0.601384589999999,3500
"2428",0.441357750000003,3450
"2429",0.13841658,3450
"2430",0.482944589999994,3500
"2431",1.12041819,7450
"2432",0.196974719999999,3500
"2433",0.415769219999999,3500
"2434",0.45856692,3450
"2435",0.00724796999999995,3450
"2436",0.104870520000001,3500
"2437",0.100862459999999,3500
"2438",1.34708517,3550
"2439",0.0908207100000001,3850
"2440",8.38401615,7350
"2441",0.104601780000001,3450
"2442",0,3500
"2443",2.29072077000002,3500
"2444",4.50653265,9450
"2445",0.51025203,3500
"2446",19.95946281,6950
"2447",0.854935470000001,3450
"2448",0.468829350000002,3450
"2449",0.500068980000003,3450
"2450",1.78043598,7550
"2451",0.379155779999999,3450
"2452",0.483861869999999,3450
"2453",2.45347811999998,7850
"2454",0.00841311000000012,3450
"2455",1.41520797000001,3500
"2456",0.00360090000000009,3500
"2457",0.428171129999996,3650
"2458",0.447223859999997,3450
"2459",1.19467134000001,3500
"2460",62.7586020899999,9300
"2461",0.108256499999999,3500
"2462",0,3550
"2463",0.108671310000001,3550
"2464",0.451169820000002,3550
"2465",3.22417287,7450
"2466",0.883238220000001,3550
"2467",0.432105119999998,3450
"2468",0.904554900000004,3500
"2469",0.475631640000001,3500
"2470",0.10559412,3650
"2471",23.59641834,7700
"2472",19.16940636,9600
"2473",0.111728699999997,3450
"2474",22.92058611,10000
"2475",0.0433758600000011,3500
"2476",1.04468967,3500
"2477",0.0474019200000019,3500
"2478",0.368283599999991,3500
"2479",0.0325130399999971,3500
"2480",13.08127338,7550
"2481",0.120787379999999,3500
"2482",0.107834220000002,3600
"2483",0.107644229999999,3800
"2484",0.120434490000003,3550
"2485",115.09388496,13350
"2486",11.47869225,10600
"2487",0.491593140000001,3500
"2488",81.491499,10100
"2489",0.56387853,3500
"2490",0.000384120000000017,3850
"2491",0.00688086000000009,3550
"2492",0.470203199999996,3550
"2493",85.89261816,14200
"2494",64.3581083700001,10000
"2495",0.00783234000000177,3500
"2496",4.47750782999995,8350
"2497",0.410057369999997,3550
"2498",0.0300036599999997,3500
"2499",0.162714960000001,3550
"2500",0.10859319,3550
"2501",5.66400393000001,9000
"2502",0.00748584000000037,3550
"2503",0.1402308,3450
"2504",1.04052086999999,3450
"2505",0.13617009,3550
"2506",0.134826120000001,3550
"2507",0.12485043,3550
"2508",1.09508076,3500
"2509",0.000906120000000014,3550
"2510",0.512950140000001,3650
"2511",0.0775665899999997,9950
"2512",0.0936437400000006,3550
"2513",30.29156838,13650
"2514",0.130400910000001,3500
"2515",0.00689831999999998,3550
"2516",0.0987893999999995,3550
"2517",0.123399990000001,3450
"2518",0.429538500000001,3550
"2519",0.0683409600000001,3500
"2520",101.82819456,11200
"2521",0.476113500000003,3550
"2522",0.0129650399999997,3550
"2523",1.01063367,3500
"2524",0.252626310000006,5000
"2525",0.0871288200000005,3550
"2526",57.27351924,11300
"2527",0.682728750000004,3500
"2528",0.000422010000000043,7150
"2529",0.564393330000004,3550
"2530",1.42607826000001,3500
"2531",0.538058519999998,3500
"2532",0.0136093499999999,3450
"2533",0.0705663899999929,500
"2534",0.593887320000003,3550
"2535",0.459198359999998,3450
"2536",32.25866193,10750
"2537",0.02729754,3450
"2538",0.0349659000000003,3450
"2539",0.389964599999997,3450
"2540",20.79427878,5850
"2541",0.134323740000002,3500
"2542",0.129991950000002,3500
"2543",0.58520691,3550
"2544",0.0402015600000075,3550
"2545",1.47539331000001,3450
"2546",6.49500759000001,3900
"2547",0.376561350000002,3550
"2548",0.291233609999998,3600
"2549",0.222831899999998,3500
"2550",1.10858697000001,3450
"2551",14.37569442,6750
"2552",0.900917639999994,3500
"2553",0.129505589999999,3500
"2554",0.168793560000006,3450
"2555",5.45904801000002,9900
"2556",0.124139880000002,3450
"2557",0.0135243899999998,3450
"2558",4.28741909999999,8550
"2559",0.197118179999998,3550
"2560",0.156329549999998,3550
"2561",3.6321624,8700
"2562",0,3450
"2563",0.432916380000003,3500
"2564",0.428526810000002,3500
"2565",0.473211719999997,3750
"2566",1.8326511,3650
"2567",0.0123813000000001,3500
"2568",2.50992333,7750
"2569",1.03114341,3450
"2570",0,3650
"2571",1.05745032000001,3500
"2572",0.440054099999998,3500
"2573",1.04149827,3500
"2574",1.01847897,3500
"2575",0.955282680000003,3450
"2576",0.385344360000004,3550
"2577",0.105903359999999,3450
"2578",0.419820840000004,3550
"2579",0.573554430000003,3450
"2580",0.874274939999988,3550
"2581",0.694568879999996,3750
"2582",0.544900050000005,3550
"2583",0.674470620000009,3550
"2584",0.396270720000001,3550
"2585",0.0684918899999996,3500
"2586",0.13573773,3550
"2587",4.92927759,7400
